{
    "Version": 3,
    "Meta": {
        "Duration": 2.0,
        "Fps": 60,
        "FadeInTime": 0.5,
        "FadeOutTime": 1.0,
        "Loop": true,
        "AreBeziersRestricted": true,
        "CurveCount": 6,
        "TotalSegmentCount": 23,
        "TotalPointCount": 72,
        "UserDataCount": 0,
        "TotalUserDataSize": 0
    },
    "Curves": [
        {
            "Target": "Parameter",
            "Id": "ParamBodyAngleX",
            "Segments": [
                0.0,
                -9.76,
                1,
                0.3722222222222223,
                9.759999999999998,
                0.7444444444444446,
                -9.76,
                1.1166666666666667,
                -9.76,
                1,
                1.411111111111111,
                -9.76,
                1.7055555555555555,
                9.84,
                2.0,
                10.0
            ]
        },
        {
            "Target": "Parameter",
            "Id": "ParamBodyAngleY",
            "Segments": [
                0.0,
                -10.0,
                1,
                0.3277777777777778,
                10.0,
                0.6555555555555556,
                -9.6,
                0.9833333333333333,
                -10.0,
                1,
                1.3222222222222224,
                -10.0,
                1.6611111111111112,
                9.52,
                2.0,
                10.0
            ]
        },
        {
            "Target": "Parameter",
            "Id": "ParamBodyAngleZ",
            "Segments": [
                0.0,
                -1.6799999999999997,
                1,
                0.061111111111111095,
                9.920000000000002,
                0.12222222222222222,
                -1.6799999999999997,
                0.18333333333333332,
                -1.6799999999999997,
                1,
                0.2388888888888889,
                -1.6799999999999997,
                0.29444444444444445,
                6.16,
                0.35,
                6.16,
                1,
                0.41111111111111115,
                6.16,
                0.4722222222222222,
                -3.4399999999999995,
                0.5333333333333333,
                -3.4399999999999995,
                1,
                0.5611111111111112,
                -3.4399999999999995,
                0.5888888888888888,
                4.719999999999999,
                0.6166666666666667,
                4.719999999999999,
                1,
                0.6722222222222222,
                4.719999999999999,
                0.7277777777777779,
                -3.2799999999999994,
                0.7833333333333333,
                -3.2799999999999994,
                1,
                0.8,
                -3.2799999999999994,
                0.8166666666666667,
                4.960000000000001,
                0.8333333333333334,
                4.960000000000001,
                1,
                0.8722222222222222,
                4.960000000000001,
                0.9111111111111111,
                -2.960000000000001,
                0.95,
                -2.960000000000001,
                1,
                0.9777777777777777,
                -2.960000000000001,
                1.0055555555555555,
                5.199999999999999,
                1.0333333333333334,
                5.199999999999999,
                1,
                1.0833333333333333,
                5.199999999999999,
                1.1333333333333333,
                -4.08,
                1.1833333333333333,
                -4.08,
                1,
                1.211111111111111,
                -4.08,
                1.2388888888888892,
                5.68,
                1.2666666666666666,
                5.68,
                1,
                1.3222222222222224,
                5.68,
                1.3777777777777775,
                -1.92,
                1.4333333333333333,
                -1.92,
                1,
                1.4555555555555557,
                -1.92,
                1.4777777777777776,
                5.039999999999999,
                1.5,
                5.039999999999999,
                1,
                1.5277777777777777,
                5.039999999999999,
                1.5555555555555558,
                -5.52,
                1.5833333333333333,
                -5.52,
                1,
                1.6166666666666667,
                -5.52,
                1.65,
                3.84,
                1.6833333333333333,
                3.84,
                1,
                1.6888888888888889,
                3.84,
                1.6944444444444444,
                -4.4799999999999995,
                1.7,
                -4.4799999999999995,
                1,
                1.722222222222222,
                -4.4799999999999995,
                1.7444444444444445,
                3.280000000000001,
                1.7666666666666666,
                3.280000000000001,
                1,
                1.8,
                3.280000000000001,
                1.8333333333333333,
                -3.84,
                1.8666666666666667,
                -3.84,
                1,
                1.8777777777777778,
                -3.84,
                1.8888888888888888,
                5.68,
                1.9,
                5.68,
                1,
                1.9333333333333333,
                5.68,
                1.9666666666666666,
                -1.6799999999999997,
                2.0,
                -6.72
            ]
        }
    ]
}