{
    "Version": 3,
    "Meta": {
        "Duration": 2.0,
        "Fps": 60,
        "FadeInTime": 0.5,
        "FadeOutTime": 1.0,
        "Loop": true,
        "AreBeziersRestricted": true,
        "CurveCount": 3,
        "TotalSegmentCount": 24,
        "TotalPointCount": 75,
        "UserDataCount": 0,
        "TotalUserDataSize": 0
    },
    "Curves": [
        {
            "Target": "Parameter",
            "Id": "ParamAngleX",
            "Segments": [
                0.0,
                -30.0,
                1,
                0.6666666666666666,
                30.0,
                1.3333333333333333,
                -30.0,
                2.0,
                -30.0
            ]
        },
        {
            "Target": "Parameter",
            "Id": "ParamAngleY",
            "Segments": [
                0.016666666666666666,
                -28.56,
                1,
                0.07777777777777777,
                29.28,
                0.13888888888888887,
                -28.56,
                0.2,
                -28.56,
                1,
                0.22777777777777777,
                -28.56,
                0.2555555555555556,
                28.08,
                0.2833333333333333,
                28.08,
                1,
                0.34444444444444444,
                28.08,
                0.40555555555555556,
                -29.76,
                0.4666666666666667,
                -29.76,
                1,
                0.4944444444444444,
                -29.76,
                0.5222222222222223,
                18.0,
                0.55,
                30.0,
                1,
                0.6222222222222221,
                30.0,
                0.6944444444444445,
                -30.0,
                0.7666666666666667,
                -30.0,
                1,
                0.8222222222222223,
                -30.0,
                0.8777777777777778,
                29.28,
                0.9333333333333333,
                29.28,
                1,
                1.0,
                29.28,
                1.0666666666666667,
                -25.44,
                1.1333333333333333,
                -30.0,
                1,
                1.15,
                -30.0,
                1.1666666666666667,
                -15.600000000000001,
                1.1833333333333333,
                -15.600000000000001,
                1,
                1.188888888888889,
                -15.600000000000001,
                1.1944444444444442,
                11.040000000000006,
                1.2,
                11.040000000000006,
                1,
                1.2444444444444442,
                11.040000000000006,
                1.288888888888889,
                -17.28,
                1.3333333333333333,
                -17.28,
                1,
                1.338888888888889,
                -17.28,
                1.3444444444444443,
                18.720000000000006,
                1.35,
                18.720000000000006,
                1,
                1.3833333333333333,
                18.720000000000006,
                1.4166666666666667,
                -11.52,
                1.45,
                -11.52,
                1,
                1.461111111111111,
                -11.52,
                1.4722222222222223,
                20.879999999999995,
                1.4833333333333334,
                20.879999999999995,
                1,
                1.5222222222222224,
                20.879999999999995,
                1.561111111111111,
                -12.48,
                1.6,
                -12.48,
                1,
                1.6222222222222225,
                -12.48,
                1.6444444444444446,
                18.0,
                1.6666666666666667,
                18.0,
                1,
                1.6777777777777778,
                18.0,
                1.6888888888888889,
                -18.72,
                1.7,
                -18.72,
                1,
                1.7333333333333334,
                -18.72,
                1.7666666666666666,
                11.519999999999996,
                1.8,
                11.519999999999996,
                1,
                1.8055555555555556,
                11.519999999999996,
                1.8111111111111111,
                -23.76,
                1.8166666666666667,
                -23.76,
                1,
                1.827777777777778,
                -23.76,
                1.8388888888888888,
                9.120000000000005,
                1.85,
                9.120000000000005,
                1,
                1.8666666666666667,
                9.120000000000005,
                1.8833333333333333,
                9.840000000000003,
                1.9,
                9.840000000000003,
                1,
                1.922222222222222,
                9.840000000000003,
                1.9444444444444444,
                -20.64,
                1.9666666666666666,
                -20.64,
                1,
                1.9777777777777776,
                -20.64,
                1.9888888888888892,
                4.559999999999995,
                2.0,
                11.519999999999996
            ]
        },
        {
            "Target": "Parameter",
            "Id": "ParamAngleZ",
            "Segments": [
                0.0,
                30.0,
                1,
                0.6666666666666666,
                -30.0,
                1.3333333333333333,
                29.28,
                2.0,
                30.0
            ]
        }
    ]
}